cloud_provider,cidr_block,ip_address,ip_address_mask,ip_address_cnt,region
Oracle,129.145.16.0/21,129.145.16.0,21,2048,us-ashburn-1
Oracle,129.145.74.0/23,129.145.74.0,23,512,us-ashburn-1
Oracle,129.145.76.0/22,129.145.76.0,22,1024,us-ashburn-1
Oracle,129.146.0.0/21,129.146.0.0,21,2048,us-phoenix-1
Oracle,129.146.12.128/25,129.146.12.128,25,128,us-phoenix-1
Oracle,129.146.128.0/17,129.146.128.0,17,32768,us-phoenix-1
Oracle,129.146.13.128/25,129.146.13.128,25,128,us-phoenix-1
Oracle,129.146.14.128/25,129.146.14.128,25,128,us-phoenix-1
Oracle,129.146.16.0/20,129.146.16.0,20,4096,us-phoenix-1
Oracle,129.146.32.0/19,129.146.32.0,19,8192,us-phoenix-1
Oracle,129.146.64.0/18,129.146.64.0,18,16384,us-phoenix-1
Oracle,129.146.8.0/22,129.146.8.0,22,1024,us-phoenix-1
Oracle,129.148.0.0/21,129.148.0.0,21,2048,ap-sydney-1
Oracle,129.148.12.0/22,129.148.12.0,22,1024,sa-saopaulo-1
Oracle,129.148.128.0/23,129.148.128.0,23,512,ap-hyderabad-1
Oracle,129.148.132.0/22,129.148.132.0,22,1024,ap-hyderabad-1
Oracle,129.148.144.0/23,129.148.144.0,23,512,ap-chuncheon-1
Oracle,129.148.148.0/25,129.148.148.0,25,128,ap-chuncheon-1
Oracle,129.148.148.192/26,129.148.148.192,26,64,ap-chuncheon-1
Oracle,129.148.150.0/23,129.148.150.0,23,512,ap-chuncheon-1
Oracle,129.148.152.0/23,129.148.152.0,23,512,sa-santiago-1
Oracle,129.148.156.0/22,129.148.156.0,22,1024,ap-sydney-1
Oracle,129.148.16.0/20,129.148.16.0,20,4096,sa-saopaulo-1
Oracle,129.148.160.0/23,129.148.160.0,23,512,us-sanjose-1
Oracle,129.148.164.0/25,129.148.164.0,25,128,us-sanjose-1
Oracle,129.148.166.0/23,129.148.166.0,23,512,us-sanjose-1
Oracle,129.148.168.0/21,129.148.168.0,21,2048,ap-hyderabad-1
Oracle,129.148.176.0/22,129.148.176.0,22,1024,ap-singapore-1
Oracle,129.148.180.0/25,129.148.180.0,25,128,ap-singapore-1
Oracle,129.148.184.0/22,129.148.184.0,22,1024,ap-singapore-1
Oracle,129.148.200.0/21,129.148.200.0,21,2048,uk-cardiff-1
Oracle,129.148.208.0/22,129.148.208.0,22,1024,me-dubai-1
Oracle,129.148.212.0/23,129.148.212.0,23,512,me-dubai-1
Oracle,129.148.214.0/24,129.148.214.0,24,256,me-dubai-1
Oracle,129.148.215.0/25,129.148.215.0,25,128,me-dubai-1
Oracle,129.148.218.0/24,129.148.218.0,24,256,me-dubai-1
Oracle,129.148.219.192/26,129.148.219.192,26,64,me-dubai-1
Oracle,129.148.220.0/22,129.148.220.0,22,1024,me-dubai-1
Oracle,129.148.32.0/19,129.148.32.0,19,8192,sa-saopaulo-1
Oracle,129.148.8.0/22,129.148.8.0,22,1024,us-phoenix-1
Oracle,129.149.0.0/22,129.149.0.0,22,1024,sa-vinhedo-1
Oracle,129.149.100.0/25,129.149.100.0,25,128,eu-marseille-1
Oracle,129.149.112.0/22,129.149.112.0,22,1024,eu-milan-1
Oracle,129.149.118.0/25,129.149.118.0,25,128,eu-milan-1
Oracle,129.149.120.0/22,129.149.120.0,22,1024,il-jerusalem-1
Oracle,129.149.126.0/25,129.149.126.0,25,128,il-jerusalem-1
Oracle,129.149.16.0/23,129.149.16.0,23,512,uk-cardiff-1
Oracle,129.149.20.0/23,129.149.20.0,23,512,uk-cardiff-1
Oracle,129.149.22.0/25,129.149.22.0,25,128,uk-cardiff-1
Oracle,129.149.22.192/26,129.149.22.192,26,64,uk-cardiff-1
Oracle,129.149.23.0/24,129.149.23.0,24,256,uk-cardiff-1
Oracle,129.149.28.0/22,129.149.28.0,22,1024,us-phoenix-1
Oracle,129.149.32.0/23,129.149.32.0,23,512,sa-santiago-1
Oracle,129.149.36.0/24,129.149.36.0,24,256,sa-santiago-1
Oracle,129.149.37.128/25,129.149.37.128,25,128,sa-santiago-1
Oracle,129.149.38.0/23,129.149.38.0,23,512,sa-santiago-1
Oracle,129.149.48.0/22,129.149.48.0,22,1024,me-abudhabi-1
Oracle,129.149.52.0/25,129.149.52.0,25,128,me-abudhabi-1
Oracle,129.149.56.0/22,129.149.56.0,22,1024,us-sanjose-1
Oracle,129.149.6.0/25,129.149.6.0,25,128,sa-vinhedo-1
Oracle,129.149.63.192/26,129.149.63.192,26,64,ap-osaka-1
Oracle,129.149.64.0/22,129.149.64.0,22,1024,af-johannesburg-1
Oracle,129.149.68.0/25,129.149.68.0,25,128,af-johannesburg-1
Oracle,129.149.80.0/22,129.149.80.0,22,1024,eu-stockholm-1
Oracle,129.149.84.0/25,129.149.84.0,25,128,eu-stockholm-1
Oracle,129.149.96.0/22,129.149.96.0,22,1024,eu-marseille-1
Oracle,129.150.32.0/19,129.150.32.0,19,8192,ap-singapore-1
Oracle,129.151.0.0/19,129.151.0.0,19,8192,us-phoenix-1
Oracle,129.151.128.0/19,129.151.128.0,19,8192,me-abudhabi-1
Oracle,129.151.160.0/19,129.151.160.0,19,8192,af-johannesburg-1
Oracle,129.151.192.0/19,129.151.192.0,19,8192,eu-stockholm-1
Oracle,129.151.224.0/19,129.151.224.0,19,8192,eu-marseille-1
Oracle,129.151.32.0/21,129.151.32.0,21,2048,sa-saopaulo-1
Oracle,129.151.40.0/21,129.151.40.0,21,2048,ap-mumbai-1
Oracle,129.151.48.0/20,129.151.48.0,20,4096,us-ashburn-1
Oracle,129.151.64.0/19,129.151.64.0,19,8192,uk-cardiff-1
Oracle,129.151.96.0/19,129.151.96.0,19,8192,sa-santiago-1
Oracle,129.152.0.0/19,129.152.0.0,19,8192,eu-milan-1
Oracle,129.153.0.0/19,129.153.0.0,19,8192,us-ashburn-1
Oracle,129.153.128.0/18,129.153.128.0,18,16384,us-ashburn-1
Oracle,129.153.192.0/19,129.153.192.0,19,8192,us-phoenix-1
Oracle,129.153.224.0/20,129.153.224.0,20,4096,us-ashburn-1
Oracle,129.153.240.0/23,129.153.240.0,23,512,sa-vinhedo-1
Oracle,129.153.243.192/26,129.153.243.192,26,64,sa-vinhedo-1
Oracle,129.153.32.0/20,129.153.32.0,20,4096,us-ashburn-1
Oracle,129.153.48.0/20,129.153.48.0,20,4096,ca-toronto-1
Oracle,129.153.64.0/18,129.153.64.0,18,16384,us-phoenix-1
Oracle,129.154.192.0/19,129.154.192.0,19,8192,ap-seoul-1
Oracle,129.154.224.0/19,129.154.224.0,19,8192,ap-mumbai-1
Oracle,129.154.32.0/20,129.154.32.0,20,4096,ap-hyderabad-1
Oracle,129.154.48.0/20,129.154.48.0,20,4096,ap-chuncheon-1
Oracle,129.156.0.0/20,129.156.0.0,20,4096,uk-london-1
Oracle,129.158.192.0/18,129.158.192.0,18,16384,us-ashburn-1
Oracle,129.158.32.0/19,129.158.32.0,19,8192,us-ashburn-1
Oracle,129.159.0.0/20,129.159.0.0,20,4096,eu-frankfurt-1
Oracle,129.159.128.0/19,129.159.128.0,19,8192,il-jerusalem-1
Oracle,129.159.16.0/21,129.159.16.0,21,2048,ap-hyderabad-1
Oracle,129.159.160.0/19,129.159.160.0,19,8192,us-ashburn-1
Oracle,129.159.192.0/19,129.159.192.0,19,8192,eu-frankfurt-1
Oracle,129.159.224.0/20,129.159.224.0,20,4096,ap-hyderabad-1
Oracle,129.159.24.0/21,129.159.24.0,21,2048,eu-frankfurt-1
Oracle,129.159.240.0/20,129.159.240.0,20,4096,eu-frankfurt-1
Oracle,129.159.32.0/20,129.159.32.0,20,4096,us-sanjose-1
Oracle,129.159.48.0/20,129.159.48.0,20,4096,sa-saopaulo-1
Oracle,129.159.64.0/18,129.159.64.0,18,16384,us-ashburn-1
Oracle,129.213.0.128/25,129.213.0.128,25,128,us-ashburn-1
Oracle,129.213.128.0/18,129.213.128.0,18,16384,us-ashburn-1
Oracle,129.213.16.0/20,129.213.16.0,20,4096,us-ashburn-1
Oracle,129.213.192.0/20,129.213.192.0,20,4096,us-ashburn-1
Oracle,129.213.2.128/25,129.213.2.128,25,128,us-ashburn-1
Oracle,129.213.208.0/21,129.213.208.0,21,2048,us-ashburn-1
Oracle,129.213.32.0/19,129.213.32.0,19,8192,us-ashburn-1
Oracle,129.213.4.128/25,129.213.4.128,25,128,us-ashburn-1
Oracle,129.213.64.0/18,129.213.64.0,18,16384,us-ashburn-1
Oracle,129.213.8.0/21,129.213.8.0,21,2048,us-ashburn-1
Oracle,129.80.0.0/16,129.80.0.0,16,65536,us-ashburn-1
Oracle,129.91.0.0/23,129.91.0.0,23,512,sa-santiago-1
Oracle,129.91.16.0/21,129.91.16.0,21,2048,ap-sydney-1
Oracle,129.91.2.0/24,129.91.2.0,24,256,sa-santiago-1
Oracle,129.91.3.0/24,129.91.3.0,24,256,ap-seoul-1
Oracle,129.91.4.0/23,129.91.4.0,23,512,ap-seoul-1
Oracle,130.162.128.0/19,130.162.128.0,19,8192,ap-seoul-1
Oracle,130.162.160.0/19,130.162.160.0,19,8192,uk-london-1
Oracle,130.162.192.0/21,130.162.192.0,21,2048,ap-melbourne-1
Oracle,130.162.208.0/20,130.162.208.0,20,4096,eu-frankfurt-1
Oracle,130.162.224.0/19,130.162.224.0,19,8192,eu-frankfurt-1
Oracle,130.162.32.0/19,130.162.32.0,19,8192,eu-frankfurt-1
Oracle,130.162.64.0/18,130.162.64.0,18,16384,eu-frankfurt-1
Oracle,130.35.0.0/22,130.35.0.0,22,1024,us-phoenix-1
Oracle,130.35.112.0/22,130.35.112.0,22,1024,uk-london-1
Oracle,130.35.116.0/25,130.35.116.0,25,128,uk-london-1
Oracle,130.35.128.0/22,130.35.128.0,22,1024,us-phoenix-1
Oracle,130.35.144.0/22,130.35.144.0,22,1024,us-ashburn-1
Oracle,130.35.16.0/22,130.35.16.0,22,1024,us-ashburn-1
Oracle,130.35.200.0/22,130.35.200.0,22,1024,us-ashburn-1
Oracle,130.35.228.0/22,130.35.228.0,22,1024,us-ashburn-1
Oracle,130.35.96.0/21,130.35.96.0,21,2048,us-ashburn-1
Oracle,130.61.0.128/25,130.61.0.128,25,128,eu-frankfurt-1
Oracle,130.61.128.0/17,130.61.128.0,17,32768,eu-frankfurt-1
Oracle,130.61.16.0/20,130.61.16.0,20,4096,eu-frankfurt-1
Oracle,130.61.2.128/25,130.61.2.128,25,128,eu-frankfurt-1
Oracle,130.61.32.0/19,130.61.32.0,19,8192,eu-frankfurt-1
Oracle,130.61.4.128/25,130.61.4.128,25,128,eu-frankfurt-1
Oracle,130.61.64.0/18,130.61.64.0,18,16384,eu-frankfurt-1
Oracle,130.61.8.0/21,130.61.8.0,21,2048,eu-frankfurt-1
Oracle,131.186.0.0/21,131.186.0.0,21,2048,us-chicago-1
Oracle,131.186.12.0/25,131.186.12.0,25,128,us-chicago-1
Oracle,131.186.16.0/20,131.186.16.0,20,4096,ap-seoul-1
Oracle,131.186.32.0/20,131.186.32.0,20,4096,ap-tokyo-1
Oracle,131.186.56.0/21,131.186.56.0,21,2048,ap-tokyo-1
Oracle,131.186.8.0/22,131.186.8.0,22,1024,us-chicago-1
Oracle,132.145.0.128/25,132.145.0.128,25,128,uk-london-1
Oracle,132.145.112.0/20,132.145.112.0,20,4096,ap-tokyo-1
Oracle,132.145.128.0/18,132.145.128.0,18,16384,us-ashburn-1
Oracle,132.145.16.0/20,132.145.16.0,20,4096,uk-london-1
Oracle,132.145.192.0/19,132.145.192.0,19,8192,us-ashburn-1
Oracle,132.145.2.128/25,132.145.2.128,25,128,uk-london-1
Oracle,132.145.224.0/19,132.145.224.0,19,8192,eu-frankfurt-1
Oracle,132.145.32.0/19,132.145.32.0,19,8192,uk-london-1
Oracle,132.145.4.128/25,132.145.4.128,25,128,uk-london-1
Oracle,132.145.64.0/20,132.145.64.0,20,4096,uk-london-1
Oracle,132.145.8.0/21,132.145.8.0,21,2048,uk-london-1
Oracle,132.145.80.0/20,132.145.80.0,20,4096,ap-seoul-1
Oracle,132.145.96.0/20,132.145.96.0,20,4096,ca-toronto-1
Oracle,132.226.0.0/20,132.226.0.0,20,4096,ap-tokyo-1
Oracle,132.226.128.0/21,132.226.128.0,21,2048,uk-london-1
Oracle,132.226.144.0/20,132.226.144.0,20,4096,us-phoenix-1
Oracle,132.226.16.0/21,132.226.16.0,21,2048,ap-seoul-1
Oracle,132.226.160.0/21,132.226.160.0,21,2048,sa-saopaulo-1
Oracle,132.226.168.0/21,132.226.168.0,21,2048,ap-seoul-1
Oracle,132.226.176.0/21,132.226.176.0,21,2048,ap-hyderabad-1
Oracle,132.226.184.0/21,132.226.184.0,21,2048,ap-mumbai-1
Oracle,132.226.192.0/20,132.226.192.0,20,4096,eu-frankfurt-1
Oracle,132.226.208.0/21,132.226.208.0,21,2048,uk-london-1
Oracle,132.226.216.0/21,132.226.216.0,21,2048,eu-zurich-1
Oracle,132.226.224.0/20,132.226.224.0,20,4096,ap-seoul-1
Oracle,132.226.24.0/21,132.226.24.0,21,2048,us-phoenix-1
Oracle,132.226.240.0/20,132.226.240.0,20,4096,sa-saopaulo-1
Oracle,132.226.32.0/19,132.226.32.0,19,8192,us-ashburn-1
Oracle,132.226.64.0/18,132.226.64.0,18,16384,us-phoenix-1
Oracle,134.185.64.0/22,134.185.64.0,22,1024,ap-melbourne-1
Oracle,134.185.96.0/19,134.185.96.0,19,8192,ap-chuncheon-1
Oracle,134.65.16.0/20,134.65.16.0,20,4096,sa-vinhedo-1
Oracle,134.65.208.0/20,134.65.208.0,20,4096,us-phoenix-1
Oracle,134.65.224.0/19,134.65.224.0,19,8192,sa-vinhedo-1
Oracle,134.65.48.0/22,134.65.48.0,22,1024,sa-vinhedo-1
Oracle,134.65.52.128/25,134.65.52.128,25,128,us-phoenix-1
Oracle,134.65.56.0/21,134.65.56.0,21,2048,uk-cardiff-1
Oracle,134.70.100.0/22,134.70.100.0,22,1024,me-jeddah-1
Oracle,134.70.104.0/22,134.70.104.0,22,1024,eu-amsterdam-1
Oracle,134.70.108.0/22,134.70.108.0,22,1024,ap-melbourne-1
Oracle,134.70.112.0/22,134.70.112.0,22,1024,ap-osaka-1
Oracle,134.70.116.0/22,134.70.116.0,22,1024,ca-montreal-1
Oracle,134.70.120.0/22,134.70.120.0,22,1024,ap-hyderabad-1
Oracle,134.70.124.0/22,134.70.124.0,22,1024,us-sanjose-1
Oracle,134.70.128.0/22,134.70.128.0,22,1024,ap-singapore-1
Oracle,134.70.132.0/22,134.70.132.0,22,1024,ap-chuncheon-1
Oracle,134.70.136.0/22,134.70.136.0,22,1024,uk-cardiff-1
Oracle,134.70.140.0/22,134.70.140.0,22,1024,sa-vinhedo-1
Oracle,134.70.144.0/22,134.70.144.0,22,1024,me-abudhabi-1
Oracle,134.70.148.0/22,134.70.148.0,22,1024,me-dubai-1
Oracle,134.70.152.0/22,134.70.152.0,22,1024,sa-santiago-1
Oracle,134.70.156.0/22,134.70.156.0,22,1024,eu-stockholm-1
Oracle,134.70.16.0/22,134.70.16.0,22,1024,us-phoenix-1
Oracle,134.70.160.0/22,134.70.160.0,22,1024,af-johannesburg-1
Oracle,134.70.164.0/22,134.70.164.0,22,1024,eu-marseille-1
Oracle,134.70.168.0/22,134.70.168.0,22,1024,eu-milan-1
Oracle,134.70.172.0/22,134.70.172.0,22,1024,il-jerusalem-1
Oracle,134.70.176.0/22,134.70.176.0,22,1024,eu-madrid-1
Oracle,134.70.180.0/22,134.70.180.0,22,1024,eu-paris-1
Oracle,134.70.184.0/22,134.70.184.0,22,1024,mx-queretaro-1
Oracle,134.70.188.0/22,134.70.188.0,22,1024,us-chicago-1
Oracle,134.70.192.0/21,134.70.192.0,21,2048,us-chicago-1
Oracle,134.70.200.0/23,134.70.200.0,23,512,mx-monterrey-1
Oracle,134.70.202.0/23,134.70.202.0,23,512,us-saltlake-2
Oracle,134.70.204.0/23,134.70.204.0,23,512,us-saltlake-2
Oracle,134.70.24.0/21,134.70.24.0,21,2048,us-ashburn-1
Oracle,134.70.32.0/22,134.70.32.0,22,1024,us-ashburn-1
Oracle,134.70.40.0/21,134.70.40.0,21,2048,eu-frankfurt-1
Oracle,134.70.48.0/22,134.70.48.0,22,1024,eu-frankfurt-1
Oracle,134.70.56.0/21,134.70.56.0,21,2048,uk-london-1
Oracle,134.70.64.0/22,134.70.64.0,22,1024,uk-london-1
Oracle,134.70.72.0/22,134.70.72.0,22,1024,ca-toronto-1
Oracle,134.70.76.0/22,134.70.76.0,22,1024,ap-mumbai-1
Oracle,134.70.8.0/21,134.70.8.0,21,2048,us-phoenix-1
Oracle,134.70.80.0/22,134.70.80.0,22,1024,ap-tokyo-1
Oracle,134.70.84.0/22,134.70.84.0,22,1024,sa-saopaulo-1
Oracle,134.70.88.0/22,134.70.88.0,22,1024,eu-zurich-1
Oracle,134.70.92.0/22,134.70.92.0,22,1024,ap-sydney-1
Oracle,134.70.96.0/22,134.70.96.0,22,1024,ap-seoul-1
Oracle,136.248.240.0/21,136.248.240.0,21,2048,sa-santiago-1
Oracle,136.248.64.0/18,136.248.64.0,18,16384,sa-saopaulo-1
Oracle,138.1.0.0/22,138.1.0.0,22,1024,eu-frankfurt-1
Oracle,138.1.108.0/25,138.1.108.0,25,128,eu-frankfurt-1
Oracle,138.1.112.0/20,138.1.112.0,20,4096,us-phoenix-1
Oracle,138.1.16.0/22,138.1.16.0,22,1024,uk-london-1
Oracle,138.1.32.0/21,138.1.32.0,21,2048,us-phoenix-1
Oracle,138.1.40.0/21,138.1.40.0,21,2048,eu-frankfurt-1
Oracle,138.1.48.0/21,138.1.48.0,21,2048,us-ashburn-1
Oracle,138.1.64.0/22,138.1.64.0,22,1024,eu-frankfurt-1
Oracle,138.1.80.0/22,138.1.80.0,22,1024,uk-london-1
Oracle,138.2.0.0/19,138.2.0.0,19,8192,ap-tokyo-1
Oracle,138.2.112.0/20,138.2.112.0,20,4096,ap-chuncheon-1
Oracle,138.2.128.0/18,138.2.128.0,18,16384,eu-frankfurt-1
Oracle,138.2.208.0/20,138.2.208.0,20,4096,us-ashburn-1
Oracle,138.2.224.0/20,138.2.224.0,20,4096,us-sanjose-1
Oracle,138.2.240.0/21,138.2.240.0,21,2048,sa-vinhedo-1
Oracle,138.2.32.0/19,138.2.32.0,19,8192,ap-osaka-1
Oracle,138.2.64.0/19,138.2.64.0,19,8192,ap-singapore-1
Oracle,138.2.96.0/20,138.2.96.0,20,4096,ap-singapore-1
Oracle,138.3.208.0/20,138.3.208.0,20,4096,ap-tokyo-1
Oracle,138.3.240.0/20,138.3.240.0,20,4096,eu-frankfurt-1
Oracle,139.177.104.0/22,139.177.104.0,22,1024,mx-monterrey-1
Oracle,139.177.108.0/25,139.177.108.0,25,128,mx-monterrey-1
Oracle,139.177.96.0/21,139.177.96.0,21,2048,mx-monterrey-1
Oracle,139.185.32.0/19,139.185.32.0,19,8192,me-dubai-1
Oracle,140.204.0.128/25,140.204.0.128,25,128,ca-toronto-1
Oracle,140.204.100.128/25,140.204.100.128,25,128,eu-marseille-1
Oracle,140.204.104.128/25,140.204.104.128,25,128,eu-milan-1
Oracle,140.204.108.128/25,140.204.108.128,25,128,il-jerusalem-1
Oracle,140.204.112.128/25,140.204.112.128,25,128,eu-madrid-1
Oracle,140.204.116.128/25,140.204.116.128,25,128,eu-paris-1
Oracle,140.204.12.128/25,140.204.12.128,25,128,sa-saopaulo-1
Oracle,140.204.120.128/25,140.204.120.128,25,128,mx-queretaro-1
Oracle,140.204.122.128/25,140.204.122.128,25,128,us-chicago-1
Oracle,140.204.124.128/25,140.204.124.128,25,128,us-chicago-1
Oracle,140.204.126.128/25,140.204.126.128,25,128,us-chicago-1
Oracle,140.204.132.128/25,140.204.132.128,25,128,mx-monterrey-1
Oracle,140.204.136.128/25,140.204.136.128,25,128,us-saltlake-2
Oracle,140.204.16.128/25,140.204.16.128,25,128,eu-zurich-1
Oracle,140.204.20.128/25,140.204.20.128,25,128,ap-sydney-1
Oracle,140.204.24.128/25,140.204.24.128,25,128,ap-seoul-1
Oracle,140.204.30.128/25,140.204.30.128,25,128,ap-osaka-1
Oracle,140.204.34.128/25,140.204.34.128,25,128,me-jeddah-1
Oracle,140.204.36.128/25,140.204.36.128,25,128,eu-amsterdam-1
Oracle,140.204.38.128/25,140.204.38.128,25,128,eu-amsterdam-1
Oracle,140.204.4.128/25,140.204.4.128,25,128,ap-mumbai-1
Oracle,140.204.40.128/25,140.204.40.128,25,128,eu-amsterdam-1
Oracle,140.204.42.128/25,140.204.42.128,25,128,ap-melbourne-1
Oracle,140.204.46.128/25,140.204.46.128,25,128,ca-montreal-1
Oracle,140.204.50.128/25,140.204.50.128,25,128,ap-hyderabad-1
Oracle,140.204.52.128/25,140.204.52.128,25,128,ap-chuncheon-1
Oracle,140.204.54.128/25,140.204.54.128,25,128,ap-singapore-1
Oracle,140.204.58.128/25,140.204.58.128,25,128,us-sanjose-1
Oracle,140.204.66.128/25,140.204.66.128,25,128,me-dubai-1
Oracle,140.204.70.128/25,140.204.70.128,25,128,uk-cardiff-1
Oracle,140.204.76.128/25,140.204.76.128,25,128,sa-vinhedo-1
Oracle,140.204.8.128/25,140.204.8.128,25,128,ap-tokyo-1
Oracle,140.204.80.128/25,140.204.80.128,25,128,me-abudhabi-1
Oracle,140.204.84.0/23,140.204.84.0,23,512,eu-amsterdam-1
Oracle,140.204.86.128/25,140.204.86.128,25,128,sa-santiago-1
Oracle,140.204.92.128/25,140.204.92.128,25,128,eu-stockholm-1
Oracle,140.204.96.128/25,140.204.96.128,25,128,af-johannesburg-1
Oracle,140.238.0.0/19,140.238.0.0,19,8192,ap-seoul-1
Oracle,140.238.128.0/19,140.238.128.0,19,8192,ca-toronto-1
Oracle,140.238.160.0/21,140.238.160.0,21,2048,ap-mumbai-1
Oracle,140.238.168.0/21,140.238.168.0,21,2048,eu-zurich-1
Oracle,140.238.176.0/20,140.238.176.0,20,4096,sa-saopaulo-1
Oracle,140.238.192.0/20,140.238.192.0,20,4096,ap-sydney-1
Oracle,140.238.208.0/20,140.238.208.0,20,4096,eu-zurich-1
Oracle,140.238.224.0/21,140.238.224.0,21,2048,ap-mumbai-1
Oracle,140.238.232.0/22,140.238.232.0,22,1024,ap-mumbai-1
Oracle,140.238.236.0/22,140.238.236.0,22,1024,sa-saopaulo-1
Oracle,140.238.240.0/20,140.238.240.0,20,4096,ap-mumbai-1
Oracle,140.238.32.0/19,140.238.32.0,19,8192,ap-tokyo-1
Oracle,140.238.64.0/18,140.238.64.0,18,16384,uk-london-1
Oracle,140.245.0.0/19,140.245.0.0,19,8192,ap-mumbai-1
Oracle,140.245.192.0/18,140.245.192.0,18,16384,ap-hyderabad-1
Oracle,140.245.32.0/19,140.245.32.0,19,8192,ap-singapore-2
Oracle,140.245.64.0/20,140.245.64.0,20,4096,ap-chuncheon-1
Oracle,140.245.80.0/20,140.245.80.0,20,4096,ap-tokyo-1
Oracle,140.245.96.0/19,140.245.96.0,19,8192,ap-singapore-1
Oracle,140.83.32.0/21,140.83.32.0,21,2048,ap-tokyo-1
Oracle,140.83.44.0/22,140.83.44.0,22,1024,eu-amsterdam-1
Oracle,140.83.48.0/20,140.83.48.0,20,4096,ap-osaka-1
Oracle,140.83.80.0/21,140.83.80.0,21,2048,ap-osaka-1
Oracle,140.84.160.0/19,140.84.160.0,19,8192,mx-queretaro-1
Oracle,140.86.0.0/20,140.86.0.0,20,4096,eu-frankfurt-1
Oracle,140.86.156.0/23,140.86.156.0,23,512,eu-frankfurt-1
Oracle,140.86.192.0/20,140.86.192.0,20,4096,eu-zurich-1
Oracle,140.86.208.0/21,140.86.208.0,21,2048,eu-zurich-1
Oracle,140.86.216.0/21,140.86.216.0,21,2048,us-ashburn-1
Oracle,140.86.32.0/20,140.86.32.0,20,4096,eu-frankfurt-1
Oracle,140.86.48.0/21,140.86.48.0,21,2048,eu-frankfurt-1
Oracle,140.86.62.0/23,140.86.62.0,23,512,eu-frankfurt-1
Oracle,140.86.64.0/20,140.86.64.0,20,4096,eu-frankfurt-1
Oracle,140.86.96.0/23,140.86.96.0,23,512,eu-frankfurt-1
Oracle,140.91.10.0/23,140.91.10.0,23,512,us-ashburn-1
Oracle,140.91.12.0/22,140.91.12.0,22,1024,us-ashburn-1
Oracle,140.91.16.0/22,140.91.16.0,22,1024,eu-frankfurt-1
Oracle,140.91.20.0/23,140.91.20.0,23,512,eu-frankfurt-1
Oracle,140.91.22.0/23,140.91.22.0,23,512,uk-london-1
Oracle,140.91.24.0/22,140.91.24.0,22,1024,uk-london-1
Oracle,140.91.28.0/23,140.91.28.0,23,512,ca-toronto-1
Oracle,140.91.30.0/23,140.91.30.0,23,512,ap-mumbai-1
Oracle,140.91.32.0/23,140.91.32.0,23,512,ap-tokyo-1
Oracle,140.91.34.0/23,140.91.34.0,23,512,sa-saopaulo-1
Oracle,140.91.36.0/23,140.91.36.0,23,512,eu-zurich-1
Oracle,140.91.38.0/23,140.91.38.0,23,512,ap-sydney-1
Oracle,140.91.4.0/22,140.91.4.0,22,1024,us-phoenix-1
Oracle,140.91.40.0/23,140.91.40.0,23,512,ap-seoul-1
Oracle,140.91.42.0/23,140.91.42.0,23,512,me-jeddah-1
Oracle,140.91.44.0/23,140.91.44.0,23,512,eu-amsterdam-1
Oracle,140.91.46.0/23,140.91.46.0,23,512,ap-melbourne-1
Oracle,140.91.48.0/23,140.91.48.0,23,512,ap-osaka-1
Oracle,140.91.50.0/23,140.91.50.0,23,512,ca-montreal-1
Oracle,140.91.52.0/23,140.91.52.0,23,512,ap-hyderabad-1
Oracle,140.91.54.0/23,140.91.54.0,23,512,us-sanjose-1
Oracle,140.91.56.0/23,140.91.56.0,23,512,ap-singapore-1
Oracle,140.91.58.0/23,140.91.58.0,23,512,ap-chuncheon-1
Oracle,140.91.60.0/23,140.91.60.0,23,512,uk-cardiff-1
Oracle,140.91.62.0/23,140.91.62.0,23,512,sa-vinhedo-1
Oracle,140.91.64.0/23,140.91.64.0,23,512,me-abudhabi-1
Oracle,140.91.66.0/23,140.91.66.0,23,512,sa-santiago-1
Oracle,140.91.68.0/23,140.91.68.0,23,512,eu-stockholm-1
Oracle,140.91.70.0/23,140.91.70.0,23,512,af-johannesburg-1
Oracle,140.91.72.0/23,140.91.72.0,23,512,eu-marseille-1
Oracle,140.91.74.0/23,140.91.74.0,23,512,eu-milan-1
Oracle,140.91.76.0/23,140.91.76.0,23,512,il-jerusalem-1
Oracle,140.91.78.0/23,140.91.78.0,23,512,eu-madrid-1
Oracle,140.91.8.0/23,140.91.8.0,23,512,us-phoenix-1
Oracle,140.91.80.0/23,140.91.80.0,23,512,eu-paris-1
Oracle,140.91.82.0/23,140.91.82.0,23,512,mx-queretaro-1
Oracle,140.91.84.0/22,140.91.84.0,22,1024,us-chicago-1
Oracle,140.91.88.0/23,140.91.88.0,23,512,us-chicago-1
Oracle,140.91.90.0/23,140.91.90.0,23,512,mx-monterrey-1
Oracle,140.91.94.0/23,140.91.94.0,23,512,us-saltlake-2
Oracle,141.144.192.0/19,141.144.192.0,19,8192,eu-amsterdam-1
Oracle,141.144.224.0/19,141.144.224.0,19,8192,eu-frankfurt-1
Oracle,141.144.32.0/19,141.144.32.0,19,8192,uk-london-1
Oracle,141.144.84.0/22,141.144.84.0,22,1024,uk-london-1
Oracle,141.144.96.0/19,141.144.96.0,19,8192,uk-london-1
Oracle,141.145.112.0/20,141.145.112.0,20,4096,uk-london-1
Oracle,141.145.192.0/19,141.145.192.0,19,8192,eu-paris-1
Oracle,141.145.40.0/22,141.145.40.0,22,1024,uk-london-1
Oracle,141.147.0.0/18,141.147.0.0,18,16384,eu-frankfurt-1
Oracle,141.147.128.0/20,141.147.128.0,20,4096,me-jeddah-1
Oracle,141.147.144.0/20,141.147.144.0,20,4096,ap-osaka-1
Oracle,141.147.160.0/19,141.147.160.0,19,8192,ap-tokyo-1
Oracle,141.147.240.0/20,141.147.240.0,20,4096,us-phoenix-1
Oracle,141.147.64.0/18,141.147.64.0,18,16384,uk-london-1
Oracle,141.148.0.0/18,141.148.0.0,18,16384,us-ashburn-1
Oracle,141.148.128.0/18,141.148.128.0,18,16384,us-phoenix-1
Oracle,141.148.192.0/19,141.148.192.0,19,8192,ap-mumbai-1
Oracle,141.148.224.0/19,141.148.224.0,19,8192,eu-amsterdam-1
Oracle,141.148.64.0/19,141.148.64.0,19,8192,us-ashburn-1
Oracle,142.0.160.0/21,142.0.160.0,21,2048,us-ashburn-1
Oracle,143.47.176.0/20,143.47.176.0,20,4096,eu-amsterdam-1
Oracle,143.47.224.0/19,143.47.224.0,19,8192,uk-london-1
Oracle,143.47.32.0/19,143.47.32.0,19,8192,eu-madrid-1
Oracle,143.47.96.0/19,143.47.96.0,19,8192,us-ashburn-1
Oracle,144.21.32.0/20,144.21.32.0,20,4096,eu-amsterdam-1
Oracle,144.21.48.0/20,144.21.48.0,20,4096,uk-london-1
Oracle,144.21.64.0/18,144.21.64.0,18,16384,uk-london-1
Oracle,144.22.128.0/17,144.22.128.0,17,32768,sa-saopaulo-1
Oracle,144.22.32.0/19,144.22.32.0,19,8192,sa-santiago-1
Oracle,144.22.64.0/18,144.22.64.0,18,16384,sa-saopaulo-1
Oracle,144.24.0.0/18,144.24.0.0,18,16384,us-phoenix-1
Oracle,144.24.128.0/19,144.24.128.0,19,8192,ap-hyderabad-1
Oracle,144.24.160.0/19,144.24.160.0,19,8192,eu-frankfurt-1
Oracle,144.24.192.0/20,144.24.192.0,20,4096,eu-marseille-1
Oracle,144.24.208.0/20,144.24.208.0,20,4096,me-jeddah-1
Oracle,144.24.224.0/21,144.24.224.0,21,2048,uk-cardiff-1
Oracle,144.24.232.0/21,144.24.232.0,21,2048,eu-zurich-1
Oracle,144.24.240.0/20,144.24.240.0,20,4096,eu-zurich-1
Oracle,144.24.64.0/19,144.24.64.0,19,8192,ap-chuncheon-1
Oracle,144.24.96.0/19,144.24.96.0,19,8192,ap-mumbai-1
Oracle,144.33.0.0/19,144.33.0.0,19,8192,sa-vinhedo-1
Oracle,146.235.0.0/20,146.235.0.0,20,4096,us-phoenix-1
Oracle,146.235.16.0/21,146.235.16.0,21,2048,ap-singapore-1
Oracle,146.235.192.0/19,146.235.192.0,19,8192,us-sanjose-1
Oracle,146.235.224.0/20,146.235.224.0,20,4096,us-sanjose-1
Oracle,146.235.24.0/21,146.235.24.0,21,2048,sa-saopaulo-1
Oracle,146.235.240.0/21,146.235.240.0,21,2048,sa-santiago-1
Oracle,146.235.251.192/26,146.235.251.192,26,64,us-sanjose-1
Oracle,146.235.252.128/25,146.235.252.128,25,128,us-chicago-1
Oracle,146.235.252.64/26,146.235.252.64,26,64,us-chicago-1
Oracle,146.235.253.0/24,146.235.253.0,24,256,us-chicago-1
Oracle,146.235.254.0/23,146.235.254.0,23,512,us-chicago-1
Oracle,146.235.32.0/19,146.235.32.0,19,8192,sa-saopaulo-1
Oracle,146.56.112.0/21,146.56.112.0,21,2048,ap-chuncheon-1
Oracle,146.56.120.0/22,146.56.120.0,22,1024,ap-chuncheon-1
Oracle,146.56.124.128/25,146.56.124.128,25,128,ap-tokyo-1
Oracle,146.56.124.64/26,146.56.124.64,26,64,ap-tokyo-1
Oracle,146.56.125.0/24,146.56.125.0,24,256,ap-tokyo-1
Oracle,146.56.126.0/23,146.56.126.0,23,512,ap-tokyo-1
Oracle,146.56.128.0/18,146.56.128.0,18,16384,ap-seoul-1
Oracle,146.56.32.0/20,146.56.32.0,20,4096,ap-seoul-1
Oracle,146.56.48.0/21,146.56.48.0,21,2048,ap-mumbai-1
Oracle,146.56.61.192/26,146.56.61.192,26,64,ap-seoul-1
Oracle,146.56.96.0/20,146.56.96.0,20,4096,ap-chuncheon-1
Oracle,147.154.0.0/19,147.154.0.0,19,8192,us-ashburn-1
Oracle,147.154.112.0/21,147.154.112.0,21,2048,us-phoenix-1
Oracle,147.154.120.0/22,147.154.120.0,22,1024,us-phoenix-1
Oracle,147.154.128.0/19,147.154.128.0,19,8192,eu-frankfurt-1
Oracle,147.154.176.0/21,147.154.176.0,21,2048,eu-frankfurt-1
Oracle,147.154.184.0/22,147.154.184.0,22,1024,eu-frankfurt-1
Oracle,147.154.189.128/25,147.154.189.128,25,128,eu-frankfurt-1
Oracle,147.154.224.0/20,147.154.224.0,20,4096,uk-london-1
Oracle,147.154.240.0/21,147.154.240.0,21,2048,uk-london-1
Oracle,147.154.255.128/25,147.154.255.128,25,128,uk-london-1
Oracle,147.154.32.0/25,147.154.32.0,25,128,us-ashburn-1
Oracle,147.154.36.0/22,147.154.36.0,22,1024,us-ashburn-1
Oracle,147.154.40.0/21,147.154.40.0,21,2048,us-ashburn-1
Oracle,147.154.48.0/21,147.154.48.0,21,2048,us-ashburn-1
Oracle,147.154.56.0/22,147.154.56.0,22,1024,us-ashburn-1
Oracle,147.154.96.0/20,147.154.96.0,20,4096,us-phoenix-1
Oracle,149.130.136.0/23,149.130.136.0,23,512,sa-vinhedo-1
Oracle,149.130.160.0/19,149.130.160.0,19,8192,sa-bogota-1
Oracle,149.130.208.0/20,149.130.208.0,20,4096,us-chicago-1
Oracle,149.130.224.0/19,149.130.224.0,19,8192,sa-valparaiso-1
Oracle,150.136.0.0/16,150.136.0.0,16,65536,us-ashburn-1
Oracle,150.230.0.0/21,150.230.0.0,21,2048,ap-osaka-1
Oracle,150.230.112.0/20,150.230.112.0,20,4096,uk-london-1
Oracle,150.230.128.0/20,150.230.128.0,20,4096,ap-hyderabad-1
Oracle,150.230.144.0/20,150.230.144.0,20,4096,eu-frankfurt-1
Oracle,150.230.160.0/19,150.230.160.0,19,8192,us-ashburn-1
Oracle,150.230.192.0/19,150.230.192.0,19,8192,ap-tokyo-1
Oracle,150.230.20.0/22,150.230.20.0,22,1024,eu-amsterdam-1
Oracle,150.230.224.0/21,150.230.224.0,21,2048,sa-saopaulo-1
Oracle,150.230.232.0/21,150.230.232.0,21,2048,ap-mumbai-1
Oracle,150.230.24.0/21,150.230.24.0,21,2048,ca-toronto-1
Oracle,150.230.240.0/21,150.230.240.0,21,2048,me-jeddah-1
Oracle,150.230.248.0/21,150.230.248.0,21,2048,ap-chuncheon-1
Oracle,150.230.32.0/20,150.230.32.0,20,4096,us-sanjose-1
Oracle,150.230.48.0/21,150.230.48.0,21,2048,me-jeddah-1
Oracle,150.230.56.0/21,150.230.56.0,21,2048,ap-osaka-1
Oracle,150.230.64.0/19,150.230.64.0,19,8192,sa-saopaulo-1
Oracle,150.230.8.0/21,150.230.8.0,21,2048,ap-sydney-1
Oracle,150.230.96.0/20,150.230.96.0,20,4096,ap-tokyo-1
Oracle,151.106.160.0/19,151.106.160.0,19,8192,us-saltlake-2
Oracle,151.145.32.0/19,151.145.32.0,19,8192,ca-montreal-1
Oracle,151.145.64.0/20,151.145.64.0,20,4096,ap-tokyo-1
Oracle,151.145.80.0/20,151.145.80.0,20,4096,il-jerusalem-1
Oracle,152.67.0.0/19,152.67.0.0,19,8192,ap-mumbai-1
Oracle,152.67.128.0/19,152.67.128.0,19,8192,uk-london-1
Oracle,152.67.160.0/19,152.67.160.0,19,8192,ap-hyderabad-1
Oracle,152.67.192.0/19,152.67.192.0,19,8192,ap-chuncheon-1
Oracle,152.67.224.0/19,152.67.224.0,19,8192,us-sanjose-1
Oracle,152.67.32.0/19,152.67.32.0,19,8192,sa-saopaulo-1
Oracle,152.67.64.0/19,152.67.64.0,19,8192,eu-zurich-1
Oracle,152.67.96.0/19,152.67.96.0,19,8192,ap-sydney-1
Oracle,152.69.160.0/20,152.69.160.0,20,4096,ap-sydney-1
Oracle,152.69.176.0/20,152.69.176.0,20,4096,ap-melbourne-1
Oracle,152.69.192.0/20,152.69.192.0,20,4096,ap-osaka-1
Oracle,152.69.208.0/20,152.69.208.0,20,4096,ap-singapore-1
Oracle,152.69.224.0/20,152.69.224.0,20,4096,ap-chuncheon-1
Oracle,152.70.0.0/19,152.70.0.0,19,8192,eu-frankfurt-1
Oracle,152.70.112.0/20,152.70.112.0,20,4096,us-sanjose-1
Oracle,152.70.128.0/19,152.70.128.0,19,8192,us-phoenix-1
Oracle,152.70.160.0/19,152.70.160.0,19,8192,eu-frankfurt-1
Oracle,152.70.192.0/20,152.70.192.0,20,4096,us-ashburn-1
Oracle,152.70.208.0/20,152.70.208.0,20,4096,sa-saopaulo-1
Oracle,152.70.224.0/22,152.70.224.0,22,1024,ap-melbourne-1
Oracle,152.70.228.0/22,152.70.228.0,22,1024,ap-sydney-1
Oracle,152.70.232.0/21,152.70.232.0,21,2048,ap-seoul-1
Oracle,152.70.240.0/20,152.70.240.0,20,4096,ap-seoul-1
Oracle,152.70.32.0/22,152.70.32.0,22,1024,us-ashburn-1
Oracle,152.70.36.0/22,152.70.36.0,22,1024,ap-seoul-1
Oracle,152.70.40.0/21,152.70.40.0,21,2048,eu-frankfurt-1
Oracle,152.70.48.0/20,152.70.48.0,20,4096,eu-amsterdam-1
Oracle,152.70.64.0/20,152.70.64.0,20,4096,ap-hyderabad-1
Oracle,152.70.80.0/21,152.70.80.0,21,2048,ap-osaka-1
Oracle,152.70.88.0/21,152.70.88.0,21,2048,ap-seoul-1
Oracle,152.70.96.0/20,152.70.96.0,20,4096,ap-tokyo-1
Oracle,155.248.128.0/22,155.248.128.0,22,1024,eu-paris-1
Oracle,155.248.132.0/23,155.248.132.0,23,512,eu-paris-1
Oracle,155.248.135.128/25,155.248.135.128,25,128,eu-paris-1
Oracle,155.248.136.0/22,155.248.136.0,22,1024,eu-madrid-1
Oracle,155.248.140.0/25,155.248.140.0,25,128,eu-madrid-1
Oracle,155.248.144.0/22,155.248.144.0,22,1024,mx-queretaro-1
Oracle,155.248.148.0/25,155.248.148.0,25,128,mx-queretaro-1
Oracle,155.248.160.0/19,155.248.160.0,19,8192,ap-tokyo-1
Oracle,155.248.192.0/20,155.248.192.0,20,4096,us-sanjose-1
Oracle,155.248.208.0/21,155.248.208.0,21,2048,us-sanjose-1
Oracle,155.248.216.0/21,155.248.216.0,21,2048,ca-toronto-1
Oracle,155.248.224.0/20,155.248.224.0,20,4096,ca-montreal-1
Oracle,155.248.240.0/20,155.248.240.0,20,4096,ap-mumbai-1
Oracle,158.101.0.0/18,158.101.0.0,18,16384,us-phoenix-1
Oracle,158.101.128.0/19,158.101.128.0,19,8192,ap-tokyo-1
Oracle,158.101.160.0/19,158.101.160.0,19,8192,eu-frankfurt-1
Oracle,158.101.192.0/19,158.101.192.0,19,8192,eu-amsterdam-1
Oracle,158.101.224.0/19,158.101.224.0,19,8192,me-jeddah-1
Oracle,158.101.64.0/19,158.101.64.0,19,8192,ap-tokyo-1
Oracle,158.101.96.0/19,158.101.96.0,19,8192,us-ashburn-1
Oracle,158.178.128.0/22,158.178.128.0,22,1024,il-jerusalem-1
Oracle,158.178.136.0/21,158.178.136.0,21,2048,ap-sydney-1
Oracle,158.178.144.0/20,158.178.144.0,20,4096,eu-amsterdam-1
Oracle,158.178.192.0/20,158.178.192.0,20,4096,eu-paris-1
Oracle,158.178.208.0/21,158.178.208.0,21,2048,eu-paris-1
Oracle,158.178.216.0/22,158.178.216.0,22,1024,eu-stockholm-1
Oracle,158.178.220.0/22,158.178.220.0,22,1024,eu-amsterdam-1
Oracle,158.178.224.0/20,158.178.224.0,20,4096,ap-singapore-1
Oracle,158.178.240.0/21,158.178.240.0,21,2048,ap-singapore-1
Oracle,158.178.248.0/22,158.178.248.0,22,1024,il-jerusalem-1
Oracle,158.179.12.128/25,158.179.12.128,25,128,ap-tokyo-1
Oracle,158.179.12.64/26,158.179.12.64,26,64,ap-tokyo-1
Oracle,158.179.13.0/24,158.179.13.0,24,256,ap-tokyo-1
Oracle,158.179.15.0/24,158.179.15.0,24,256,ap-tokyo-1
Oracle,158.179.16.0/20,158.179.16.0,20,4096,ap-melbourne-1
Oracle,158.179.160.0/20,158.179.160.0,20,4096,ap-chuncheon-1
Oracle,158.179.176.0/20,158.179.176.0,20,4096,ap-tokyo-1
Oracle,158.179.192.0/22,158.179.192.0,22,1024,ap-chuncheon-1
Oracle,158.179.196.0/24,158.179.196.0,24,256,af-johannesburg-1
Oracle,158.179.198.0/23,158.179.198.0,23,512,eu-marseille-1
Oracle,158.179.200.0/21,158.179.200.0,21,2048,eu-stockholm-1
Oracle,158.179.208.0/20,158.179.208.0,20,4096,eu-madrid-1
Oracle,158.179.4.0/22,158.179.4.0,22,1024,ap-melbourne-1
Oracle,158.179.8.0/22,158.179.8.0,22,1024,eu-milan-1
Oracle,158.180.16.0/20,158.180.16.0,20,4096,eu-frankfurt-1
Oracle,158.180.226.0/23,158.180.226.0,23,512,af-johannesburg-1
Oracle,158.180.228.0/22,158.180.228.0,22,1024,eu-milan-1
Oracle,158.180.232.0/21,158.180.232.0,21,2048,eu-milan-1
Oracle,158.180.32.0/19,158.180.32.0,19,8192,eu-frankfurt-1
Oracle,158.180.4.0/22,158.180.4.0,22,1024,ap-sydney-1
Oracle,158.180.64.0/19,158.180.64.0,19,8192,ap-chuncheon-1
Oracle,158.180.8.0/21,158.180.8.0,21,2048,eu-amsterdam-1
Oracle,158.247.100.0/25,158.247.100.0,25,128,sa-bogota-1
Oracle,158.247.104.0/22,158.247.104.0,22,1024,sa-bogota-1
Oracle,158.247.112.0/23,158.247.112.0,23,512,sa-bogota-1
Oracle,158.247.114.128/25,158.247.114.128,25,128,sa-bogota-1
Oracle,158.247.120.0/21,158.247.120.0,21,2048,sa-bogota-1
Oracle,158.247.96.0/22,158.247.96.0,22,1024,sa-bogota-1
Oracle,159.112.128.0/20,159.112.128.0,20,4096,sa-santiago-1
Oracle,159.112.144.0/21,159.112.144.0,21,2048,sa-santiago-1
Oracle,159.112.162.0/23,159.112.162.0,23,512,ca-toronto-1
Oracle,159.112.166.0/24,159.112.166.0,24,256,mx-queretaro-1
Oracle,159.112.168.0/22,159.112.168.0,22,1024,ca-toronto-1
Oracle,159.112.172.0/22,159.112.172.0,22,1024,ap-singapore-1
Oracle,159.112.176.0/20,159.112.176.0,20,4096,sa-saopaulo-1
Oracle,159.13.0.0/22,159.13.0.0,22,1024,ap-singapore-2
Oracle,159.13.14.0/23,159.13.14.0,23,512,ap-melbourne-1
Oracle,159.13.32.0/19,159.13.32.0,19,8192,ap-sydney-1
Oracle,159.13.4.0/25,159.13.4.0,25,128,ap-singapore-2
Oracle,159.54.128.0/19,159.54.128.0,19,8192,mx-queretaro-1
Oracle,164.152.104.0/21,164.152.104.0,21,2048,us-chicago-1
Oracle,164.152.16.0/20,164.152.16.0,20,4096,us-chicago-1
Oracle,164.152.192.0/21,164.152.192.0,21,2048,sa-vinhedo-1
Oracle,164.152.240.0/20,164.152.240.0,20,4096,sa-vinhedo-1
Oracle,164.152.32.0/19,164.152.32.0,19,8192,sa-saopaulo-1
Oracle,164.152.96.0/22,164.152.96.0,22,1024,eu-jovanovac-1
Oracle,165.1.100.0/25,165.1.100.0,25,128,sa-valparaiso-1
Oracle,165.1.104.0/22,165.1.104.0,22,1024,sa-valparaiso-1
Oracle,165.1.112.0/23,165.1.112.0,23,512,sa-valparaiso-1
Oracle,165.1.114.128/25,165.1.114.128,25,128,sa-valparaiso-1
Oracle,165.1.120.0/21,165.1.120.0,21,2048,sa-valparaiso-1
Oracle,165.1.64.0/20,165.1.64.0,20,4096,us-sanjose-1
Oracle,165.1.96.0/22,165.1.96.0,22,1024,sa-valparaiso-1
Oracle,167.234.208.0/20,167.234.208.0,20,4096,us-sanjose-1
Oracle,167.234.224.0/19,167.234.224.0,19,8192,sa-saopaulo-1
Oracle,168.138.0.0/19,168.138.0.0,19,8192,ap-melbourne-1
Oracle,168.138.112.0/21,168.138.112.0,21,2048,ap-mumbai-1
Oracle,168.138.120.0/22,168.138.120.0,22,1024,eu-amsterdam-1
Oracle,168.138.124.0/22,168.138.124.0,22,1024,sa-saopaulo-1
Oracle,168.138.128.0/19,168.138.128.0,19,8192,sa-saopaulo-1
Oracle,168.138.160.0/19,168.138.160.0,19,8192,ap-singapore-1
Oracle,168.138.192.0/19,168.138.192.0,19,8192,ap-tokyo-1
Oracle,168.138.224.0/19,168.138.224.0,19,8192,sa-saopaulo-1
Oracle,168.138.32.0/19,168.138.32.0,19,8192,ap-osaka-1
Oracle,168.138.64.0/19,168.138.64.0,19,8192,ca-montreal-1
Oracle,168.138.96.0/20,168.138.96.0,20,4096,ap-sydney-1
Oracle,168.75.64.0/19,168.75.64.0,19,8192,sa-saopaulo-1
Oracle,168.75.96.0/20,168.75.96.0,20,4096,sa-saopaulo-1
Oracle,169.155.128.0/19,169.155.128.0,19,8192,us-ashburn-1
Oracle,192.18.128.0/20,192.18.128.0,20,4096,us-sanjose-1
Oracle,192.18.144.0/20,192.18.144.0,20,4096,ca-toronto-1
Oracle,192.18.200.0/21,192.18.200.0,21,2048,us-phoenix-1
Oracle,192.29.112.0/20,192.29.112.0,20,4096,me-jeddah-1
Oracle,192.29.128.0/23,192.29.128.0,23,512,sa-saopaulo-1
Oracle,192.29.130.0/24,192.29.130.0,24,256,sa-saopaulo-1
Oracle,192.29.134.0/23,192.29.134.0,23,512,sa-saopaulo-1
Oracle,192.29.137.192/26,192.29.137.192,26,64,sa-saopaulo-1
Oracle,192.29.138.0/23,192.29.138.0,23,512,sa-saopaulo-1
Oracle,192.29.140.0/22,192.29.140.0,22,1024,sa-saopaulo-1
Oracle,192.29.144.0/23,192.29.144.0,23,512,ap-sydney-1
Oracle,192.29.148.0/23,192.29.148.0,23,512,ap-sydney-1
Oracle,192.29.151.0/24,192.29.151.0,24,256,ap-sydney-1
Oracle,192.29.152.0/22,192.29.152.0,22,1024,ap-sydney-1
Oracle,192.29.158.0/23,192.29.158.0,23,512,ap-sydney-1
Oracle,192.29.160.0/21,192.29.160.0,21,2048,ap-mumbai-1
Oracle,192.29.168.0/22,192.29.168.0,22,1024,ap-mumbai-1
Oracle,192.29.172.0/24,192.29.172.0,24,256,ap-mumbai-1
Oracle,192.29.178.0/23,192.29.178.0,23,512,eu-zurich-1
Oracle,192.29.180.0/22,192.29.180.0,22,1024,eu-zurich-1
Oracle,192.29.192.0/22,192.29.192.0,22,1024,eu-amsterdam-1
Oracle,192.29.20.0/22,192.29.20.0,22,1024,ap-seoul-1
Oracle,192.29.200.0/21,192.29.200.0,21,2048,eu-amsterdam-1
Oracle,192.29.208.0/22,192.29.208.0,22,1024,ap-melbourne-1
Oracle,192.29.216.0/21,192.29.216.0,21,2048,ap-melbourne-1
Oracle,192.29.224.0/22,192.29.224.0,22,1024,me-jeddah-1
Oracle,192.29.232.0/25,192.29.232.0,25,128,me-jeddah-1
Oracle,192.29.232.192/26,192.29.232.192,26,64,me-jeddah-1
Oracle,192.29.24.0/21,192.29.24.0,21,2048,ap-seoul-1
Oracle,192.29.240.0/22,192.29.240.0,22,1024,ap-osaka-1
Oracle,192.29.248.0/21,192.29.248.0,21,2048,ap-osaka-1
Oracle,192.29.36.0/22,192.29.36.0,22,1024,ap-tokyo-1
Oracle,192.29.40.0/21,192.29.40.0,21,2048,ap-tokyo-1
Oracle,192.29.48.0/22,192.29.48.0,22,1024,ap-mumbai-1
Oracle,192.29.56.0/23,192.29.56.0,23,512,eu-zurich-1
Oracle,192.29.60.0/23,192.29.60.0,23,512,eu-zurich-1
Oracle,192.29.64.0/21,192.29.64.0,21,2048,ca-toronto-1
Oracle,192.29.72.0/25,192.29.72.0,25,128,ca-toronto-1
Oracle,192.29.8.0/21,192.29.8.0,21,2048,ca-toronto-1
Oracle,192.29.80.0/22,192.29.80.0,22,1024,ca-montreal-1
Oracle,192.29.88.0/21,192.29.88.0,21,2048,ca-montreal-1
Oracle,192.29.96.0/20,192.29.96.0,20,4096,us-phoenix-1
Oracle,192.9.128.0/19,192.9.128.0,19,8192,us-sanjose-1
Oracle,192.9.160.0/19,192.9.160.0,19,8192,ap-sydney-1
Oracle,192.9.224.0/19,192.9.224.0,19,8192,us-sanjose-1
Oracle,193.122.0.0/20,193.122.0.0,20,4096,eu-frankfurt-1
Oracle,193.122.128.0/17,193.122.128.0,17,32768,us-ashburn-1
Oracle,193.122.16.0/20,193.122.16.0,20,4096,eu-amsterdam-1
Oracle,193.122.32.0/19,193.122.32.0,19,8192,eu-frankfurt-1
Oracle,193.122.64.0/19,193.122.64.0,19,8192,me-jeddah-1
Oracle,193.122.96.0/19,193.122.96.0,19,8192,ap-seoul-1
Oracle,193.123.0.0/19,193.123.0.0,19,8192,us-phoenix-1
Oracle,193.123.128.0/19,193.123.128.0,19,8192,us-ashburn-1
Oracle,193.123.160.0/20,193.123.160.0,20,4096,ap-tokyo-1
Oracle,193.123.176.0/20,193.123.176.0,20,4096,uk-london-1
Oracle,193.123.192.0/19,193.123.192.0,19,8192,us-phoenix-1
Oracle,193.123.224.0/19,193.123.224.0,19,8192,ap-seoul-1
Oracle,193.123.32.0/19,193.123.32.0,19,8192,eu-amsterdam-1
Oracle,193.123.64.0/19,193.123.64.0,19,8192,me-dubai-1
Oracle,193.123.96.0/19,193.123.96.0,19,8192,sa-vinhedo-1
Oracle,193.227.135.0/24,193.227.135.0,24,256,eu-frankfurt-1
Oracle,204.216.104.0/21,204.216.104.0,21,2048,ca-montreal-1
Oracle,204.216.112.0/23,204.216.112.0,23,512,af-johannesburg-1
Oracle,204.216.119.192/26,204.216.119.192,26,64,ap-hyderabad-1
Oracle,204.216.120.0/22,204.216.120.0,22,1024,us-sanjose-1
Oracle,204.216.127.192/26,204.216.127.192,26,64,ca-toronto-1
Oracle,204.216.128.0/18,204.216.128.0,18,16384,sa-vinhedo-1
Oracle,204.216.192.0/20,204.216.192.0,20,4096,us-phoenix-1
Oracle,204.216.208.0/20,204.216.208.0,20,4096,eu-milan-1
Oracle,205.147.88.0/23,205.147.88.0,23,512,us-ashburn-1
Oracle,207.127.107.192/26,207.127.107.192,26,64,ap-sydney-1
Oracle,207.127.109.192/26,207.127.109.192,26,64,ap-singapore-1
Oracle,207.127.124.0/23,207.127.124.0,23,512,us-phoenix-1
Oracle,207.127.66.128/25,207.127.66.128,25,128,eu-jovanovac-1
Oracle,207.127.68.0/22,207.127.68.0,22,1024,eu-jovanovac-1
Oracle,207.127.72.0/22,207.127.72.0,22,1024,me-abudhabi-1
Oracle,207.127.80.0/23,207.127.80.0,23,512,eu-jovanovac-1
Oracle,207.127.84.0/23,207.127.84.0,23,512,eu-jovanovac-1
Oracle,207.127.86.0/25,207.127.86.0,25,128,eu-jovanovac-1
Oracle,207.127.88.0/21,207.127.88.0,21,2048,eu-stockholm-1
Oracle,207.127.96.0/21,207.127.96.0,21,2048,me-jeddah-1
Oracle,207.135.0.0/22,207.135.0.0,22,1024,us-phoenix-1
Oracle,207.135.10.0/23,207.135.10.0,23,512,us-ashburn-1
Oracle,207.135.12.0/22,207.135.12.0,22,1024,us-ashburn-1
Oracle,207.135.16.0/23,207.135.16.0,23,512,ap-mumbai-1
Oracle,207.135.18.0/23,207.135.18.0,23,512,ap-hyderabad-1
Oracle,207.135.20.0/23,207.135.20.0,23,512,uk-london-1
Oracle,207.135.25.0/24,207.135.25.0,24,256,us-phoenix-1
Oracle,207.135.26.0/24,207.135.26.0,24,256,us-phoenix-1
Oracle,207.135.27.0/24,207.135.27.0,24,256,ca-toronto-1
Oracle,207.135.28.0/24,207.135.28.0,24,256,us-phoenix-1
Oracle,207.135.29.0/24,207.135.29.0,24,256,us-ashburn-1
Oracle,207.135.30.0/23,207.135.30.0,23,512,me-jeddah-1
Oracle,207.135.4.0/22,207.135.4.0,22,1024,us-ashburn-1
Oracle,207.135.8.0/23,207.135.8.0,23,512,eu-frankfurt-1
Oracle,207.211.128.0/22,207.211.128.0,22,1024,us-saltlake-2
Oracle,207.211.132.0/25,207.211.132.0,25,128,us-saltlake-2
Oracle,207.211.140.0/22,207.211.140.0,22,1024,ap-melbourne-1
Oracle,207.211.144.0/20,207.211.144.0,20,4096,ap-melbourne-1
Oracle,207.211.160.0/19,207.211.160.0,19,8192,us-chicago-1
Oracle,209.17.60.0/22,209.17.60.0,22,1024,uk-cardiff-1
Oracle,213.19.198.156/31,213.19.198.156,31,2,eu-amsterdam-1
Oracle,213.19.198.164/31,213.19.198.164,31,2,eu-amsterdam-1
Oracle,213.35.96.0/19,213.35.96.0,19,8192,ap-singapore-1
Oracle,217.142.128.0/19,217.142.128.0,19,8192,ap-seoul-1
Oracle,217.142.160.0/21,217.142.160.0,21,2048,ap-singapore-2
Oracle,217.142.168.0/22,217.142.168.0,22,1024,ap-singapore-2
Oracle,217.142.176.0/23,217.142.176.0,23,512,ap-singapore-2
Oracle,217.142.178.128/25,217.142.178.128,25,128,ap-singapore-2
Oracle,217.142.184.0/21,217.142.184.0,21,2048,ap-singapore-2
Oracle,217.142.224.0/19,217.142.224.0,19,8192,ap-osaka-1
Oracle,38.104.155.92/31,38.104.155.92,31,2,ca-montreal-1
Oracle,40.233.0.0/19,40.233.0.0,19,8192,mx-monterrey-1
Oracle,40.233.64.0/18,40.233.64.0,18,16384,ca-toronto-1
Oracle,62.115.179.220/31,62.115.179.220,31,2,eu-amsterdam-1
Oracle,62.115.179.228/31,62.115.179.228,31,2,eu-amsterdam-1
Oracle,64.110.112.0/21,64.110.112.0,21,2048,ap-osaka-1
Oracle,64.110.64.0/19,64.110.64.0,19,8192,ap-seoul-1
Oracle,64.110.96.0/20,64.110.96.0,20,4096,ap-osaka-1
Oracle,64.181.144.0/23,64.181.144.0,23,512,sa-vinhedo-1
Oracle,64.181.146.0/23,64.181.146.0,23,512,mx-monterrey-1
Oracle,64.181.160.0/19,64.181.160.0,19,8192,sa-saopaulo-1
Oracle,64.181.192.0/19,64.181.192.0,19,8192,us-chicago-1
Oracle,64.181.224.0/19,64.181.224.0,19,8192,us-sanjose-1
Oracle,68.233.112.0/21,68.233.112.0,21,2048,ap-hyderabad-1
Oracle,68.233.120.0/21,68.233.120.0,21,2048,ca-montreal-1
Oracle,68.233.96.0/20,68.233.96.0,20,4096,ap-hyderabad-1
Oracle,79.72.0.0/20,79.72.0.0,20,4096,me-jeddah-1
Oracle,79.72.16.0/22,79.72.16.0,22,1024,eu-stockholm-1
Oracle,79.72.20.0/23,79.72.20.0,23,512,eu-madrid-1
Oracle,79.72.24.0/21,79.72.24.0,21,2048,eu-marseille-1
Oracle,79.72.32.0/22,79.72.32.0,22,1024,eu-amsterdam-1
Oracle,79.72.40.0/21,79.72.40.0,21,2048,eu-milan-1
Oracle,79.72.48.0/20,79.72.48.0,20,4096,eu-madrid-1
Oracle,79.72.64.0/19,79.72.64.0,19,8192,uk-london-1
Oracle,79.76.16.0/23,79.76.16.0,23,512,me-riyadh-1
Oracle,79.76.32.0/19,79.76.32.0,19,8192,eu-stockholm-1
Oracle,79.76.96.0/19,79.76.96.0,19,8192,eu-frankfurt-1
Oracle,81.208.160.0/20,81.208.160.0,20,4096,me-jeddah-1
Oracle,81.208.188.0/22,81.208.188.0,22,1024,me-jeddah-1
Oracle,84.235.160.0/19,84.235.160.0,19,8192,eu-amsterdam-1
Oracle,84.235.192.0/23,84.235.192.0,23,512,il-jerusalem-1
Oracle,84.235.208.0/20,84.235.208.0,20,4096,eu-stockholm-1
Oracle,84.235.224.0/20,84.235.224.0,20,4096,eu-marseille-1
Oracle,84.235.240.0/20,84.235.240.0,20,4096,me-dubai-1
Oracle,84.8.128.0/20,84.8.128.0,20,4096,af-johannesburg-1
Oracle,84.8.144.0/20,84.8.144.0,20,4096,uk-london-1
Oracle,84.8.64.0/22,84.8.64.0,22,1024,me-riyadh-1
Oracle,84.8.68.0/25,84.8.68.0,25,128,me-riyadh-1
Oracle,84.8.72.0/22,84.8.72.0,22,1024,me-riyadh-1
Oracle,84.8.88.128/25,84.8.88.128,25,128,me-riyadh-1
Oracle,84.8.96.0/19,84.8.96.0,19,8192,me-riyadh-1
Oracle,89.168.0.0/21,89.168.0.0,21,2048,eu-madrid-1
Oracle,89.168.16.0/20,89.168.16.0,20,4096,eu-milan-1
Oracle,89.168.32.0/19,89.168.32.0,19,8192,eu-paris-1
Oracle,89.168.64.0/18,89.168.64.0,18,16384,eu-frankfurt-1
